{
  "version": "1.1.0",
  "diagrams": [
    {
      "ordinal": 0,
      "scrollPosition": {
        "x": 0,
        "y": 0
      },
      "nodes": [
        {
          "location": {
            "x": 308.71883555452905,
            "y": 0
          },
          "nodeIndex": "Table 1 (Data Sales Adidas)",
          "nodeLineageTag": "c2ab5774-c1e8-4b8f-b94c-c64bd6bff08a",
          "size": {
            "height": 300,
            "width": 234
          },
          "zIndex": 0
        },
        {
          "location": {
            "x": 0,
            "y": 27.074801159430621
          },
          "nodeIndex": "Date table",
          "nodeLineageTag": "cf886a67-ffae-4cdf-a6a7-c9e753105d2c",
          "size": {
            "height": 104,
            "width": 234
          },
          "zIndex": 0
        },
        {
          "location": {
            "x": 0,
            "y": 286.15835036789622
          },
          "nodeIndex": "Geography",
          "nodeLineageTag": "af4e1d18-39ea-4316-a586-376184fd8c50",
          "size": {
            "height": 152,
            "width": 234
          },
          "zIndex": 0
        },
        {
          "location": {
            "x": 647.64214952062,
            "y": 420.72569872908565
          },
          "nodeIndex": "Product table",
          "nodeLineageTag": "992e2144-f2e5-4a43-9b06-47d377c74a67",
          "size": {
            "height": 224,
            "width": 234
          },
          "zIndex": 0
        },
        {
          "location": {
            "x": 666.67792412212873,
            "y": 0
          },
          "nodeIndex": "Profit table",
          "nodeLineageTag": "e9b356cc-cf48-4627-b9db-6daa8b66f19e",
          "size": {
            "height": 185.92780946979869,
            "width": 234
          },
          "zIndex": 0
        },
        {
          "location": {
            "x": 236.97137579462867,
            "y": 547.77553682955067
          },
          "nodeIndex": "Retailer table",
          "nodeLineageTag": "b4cd0d43-c5e2-4626-ae34-f2c4f05108a5",
          "size": {
            "height": 176,
            "width": 234
          },
          "zIndex": 0
        },
        {
          "location": {
            "x": 932.287738871644,
            "y": 152.50635696057057
          },
          "nodeIndex": "Sales table",
          "nodeLineageTag": "15d4d275-6ea4-4bb3-a3a6-c359f53834cd",
          "size": {
            "height": 224,
            "width": 234
          },
          "zIndex": 0
        }
      ],
      "name": "All tables",
      "zoomValue": 67.56528546552,
      "pinKeyFieldsToTop": false,
      "showExtraHeaderInfo": false,
      "hideKeyFieldsWhenCollapsed": false,
      "tablesLocked": false
    }
  ],
  "selectedDiagram": "All tables",
  "defaultDiagram": "All tables"
}